city,branch_name,address,latitude,longitude,avg_waiting_time,avg_processing_time,avg_transaction_time,transaction_count,sentiment_score,bhs
Pasig,Ortigas Emerald,"Unit 101 G/F Jollibee Plaza Condominium, F. Ortigas Jr. Road, Brgy. San Antonio, Ortigas Center, Pasig City 1605",14.5877774,121.0613,5.74,5.88,11.62,406,3.71,61.65
Makati City,Ayala Triangle,"G/F Tower One & Exchange Plaza, Ayala Triangle, Ayala Ave. Brgy. Bel-air, Makati City",14.5565232,121.0223,5.67,6.04,11.71,433,3.68,60.73
Quezon City,Tandang Sora,"397 Tandang Sora Avenue, Barangay Culiat, Quezon City",14.6698484,121.0532,5.29,5.53,10.82,305,3.83,63.15
Quezon City,U.P. Techno Hub,"U.P. North Retail Science and Technology Center, Commonwealth Avenue, Barangay UP Campus, Diliman, Quezon City 1101",14.6572698,121.0557,5.61,5.78,11.39,414,3.73,67.81
Manila,Espana Blumentritt,"Espana cor. Blumentritt Street, Brgy. 528, Sampaloc, Manila 1008",14.6018841,120.9914,5.71,6.09,11.79,365,3.73,59.73
Manila,Masangkay,"Orchard Residences, No. 1311-1325 Masangkay St., Tondo Manila 1013",14.6088082,120.9762509,5.84,5.92,11.76,320,3.72,66.68
Navotas,Navotas,"Melandrea IV Bldg., Northbay Blvd. corner Virgo Drive, Barangay North Bay Boulevard South (NBBS), Navotas City",14.6369609,120.9606,5.69,5.7,11.38,407,3.71,61.35
Manila,Padre Faura Taft,"G/F Manila Astral Tower, 1330 Taft Avenue cor Padre Faura, Brgy 676 Zone 73 District 5, Ermita, Manila 1000",14.5798504,120.9865,5.51,5.97,11.49,344,3.77,67.77
Quezon City,Cubao - F Castillo,"Caly Bldg. 986 Aurora Blvd corner F. Castillo Project 4, Barangay Marilag, Quezon City 1109",14.6276806,121.0665,5.6,5.92,11.53,366,3.78,61.34
Quezon City,Diliman Isidora,"Holy Spirit Drive cor. De Leon St. Isidora Hills Subd., Barangay Holy Spirit, Diliman, Quezon City 1121",14.683811,121.0744,6.02,6.5,12.52,364,3.66,56.75
Manila,Binondo Plaza Lorenzo Ruiz,"Plaza Lorenzo Ruiz cor. Reina Regente Street, Brgy. 287 Zone 27 District 3, Binondo, Manila 1006",14.6050862,120.9726507,5.72,5.82,11.54,323,3.74,67.15
Quezon City,Trinoma,"Space P1012E Level P1 Trinoma North Triangle, North Ave., corner EDSA, Brgy. Bagong Pag-asa, Quezon City 1105",14.6532747,121.0338,5.8,5.89,11.69,355,3.77,58.98
Manila,Bustillos,"449 J. Figueras St., Barangay 402 Zone 41, Sampaloc, Manila 1008",14.6029541,120.990273,5.76,6.01,11.76,316,3.72,61.57
Manila,Tayuman,"1901 Tayuman Street corner Rizal Avenue, Brgy. 353, Sta. Cruz, Manila 1014",14.6165996,120.9766,5.36,5.87,11.23,295,3.82,68.13
Quezon City,St. Ignatius - Katipunan,"Linear Bldg., 142 Katipunan Ave., St. Ignatius Village, Brgy. St. Ignatius, Quezon City",14.614192,121.0705,5.6,5.96,11.56,334,3.74,61.95
Quezon City,Novaliches San Bartolome,"680 Quirino Highway, Barangay San Bartolome, Novaliches, Quezon City 1116",14.7003243,121.035,5.53,5.59,11.12,311,3.77,64.73
Pasig,Pasig Rosario,"Solid Lumber Bldg. 51 Ortigas Ave Extension, Brgy. Rosario, Pasig 1609",14.5898318,121.0616,6,6.44,12.44,379,3.63,61.53
Taguig,Fort Bonifacio Bayani Road,"Ground Floor Col Efren R Zaide (PAFCPIC) Bldg. No. 11, Bayani Road, Brgy. Western Bicutan, Taguig City",14.5297997,121.0412,5.99,6.42,12.4,334,3.66,64.16
Las Pinas,Las Pinas Citadella,"Unit 1B Fenina Bldg., 6750 CAA Road corner Cittadella Village, Brgy. Pulang Lupa Dos, Las Pinas City 1742",14.4565046,120.9943,5.98,6.3,12.28,385,3.76,58.18
Makati City,Salcedo Village,"G/F 88 Corporate Center, Valero cor Sedeno St., Brgy. Bel-Air, Salcedo Village, Makati 1227",14.5584008,121.0224,5.43,5.84,11.26,393,3.78,63.29
Las Pinas,Zapote,"Real St., Zapote Junction, Brgy. Zapote, Las Pinas City 1742",14.4649135,120.9684,5.88,6.02,11.9,362,3.68,59.3
Quezon City,Cubao Aurora,"St. Anthony Bldg, Stella Maris Arcade, Aurora Blvd cor Cambridge, Brgy E. Rodriguez Cubao, Quezon City 1102",14.6246803,121.0534,5.99,6.21,12.2,363,3.66,57.85
Taguig,Infinity,"Unit 102 The Infinity Tower, 26th Street, Bonifacio Global City, Brgy. Fort Bonifacio, Taguig 1634",14.5472085,121.0514,5.46,5.68,11.14,297,3.77,62.67
Manila,Dewey,"Suite 101 Ermita Center Bldg, 1350 Roxas blvd, Brgy 668 Zone 072 Ermita Manila 1000",14.5759994,120.98,5.42,5.66,11.09,376,3.75,63.27
Muntinlupa,Muntinlupa Tunasan ,"Larychean Building 176 National Road, Brgy. Tunasan, Muntinlupa City 1773",14.4063987,121.0465,5.66,5.76,11.43,374,3.79,60.33
Quezon City,Roces,"2 Alejandro Roces Ave. Cor Quezon Ave, Barangay Paligsahan, Quezon City 1103",14.63193,121.0212,5.46,5.75,11.2,289,3.81,62.28
Makati City,Ayala Malls Circuit,"Lower Ground Level, Ayala Malls Circuit Hippodromo St., Brgy. Carmona, Makati City 1207",14.5729125,121.0196,5.62,5.95,11.57,363,3.73,60.57
Manila,UN Avenue,"G/F Globe UN Avenue 669 UN Avenue, Brgy 666, Ermita, Manila 1000",14.5837335,120.9853713,5.75,5.74,11.49,339,3.72,66.33
Taguig,Fort Serendra,"G/F Serendra Retail Area, Bonifacio Global, Taguig City 1634",14.5495296,121.0542,5.57,6.16,11.73,410,3.74,66.46
Valenzuela,Valenzuela Malinta,"315 Mc Arthur Highway, Brgy. Malinta, Valenzuela City 1440",14.6931784,120.9675,5.75,5.99,11.74,361,3.68,59.06
Muntinlupa,Alabang South,"Ground Floor South Supermarket, Filinvest, Brgy. Alabang Muntinlupa City 1770",14.4215084,121.0363,5.89,6.11,12,337,3.66,55.05
Quezon City,Scout Limbaga-Tobias,"GF Scout Center. Scout Tobias Street corner Scout Limbaga Street, Brgy. Laging Handa, Quezon City",14.634114,121.0307,5.77,6.1,11.87,364,3.71,60.71
Manila,E. Rodriguez Broadway,66 Dona Juana Rodriguez Avenue New Manila Brgy Mariana 1112,14.6222786,121.0267,5.82,6.02,11.84,369,3.7,57.8
Caloocan,EDSA - Monumento,"MCU Compound, EDSA Monumento, Barangay 84, Caloocan City 1400",14.6574292,120.9831961,5.63,5.82,11.44,329,3.69,61.17
Makati City,The Enterprise Center,"G/F Tower 2, The Enterprise Center, 6766 Ayala Avenue corner Paseo de Roxas, Brgy. San Lorenzo, Makati 1226",14.5557683,121.0183025,5.78,6.15,11.93,398,3.68,56.59
Quezon City,Capitol Hills,"Capitol Hills Drive, Brgy Matandang Balara, Quezon City 1119",14.6652629,121.081,5.81,6.1,11.91,307,3.66,60.82
Marikina,Marikina,"Bayan Bayanan Avenue, Brgy. Concepcion, Marikina City 1807",14.6527693,121.1076275,5.35,5.6,10.95,428,3.8,63.5
Manila,Plaza Cervantes,"Dasmarinas St., cor Quintin Paredes St., Binondo Manila 1006, Metro Manila NCR",14.5965672,120.9733931,6.12,6.17,12.3,323,3.66,58.25
Makati City,Forbes Park,"15-A San Antonio Plaza Arcade, McKinley Road, Brgy. Forbes Park, Makati City 1200",14.5471962,121.0351,5.89,6.29,12.17,342,3.66,58.86
Pasig,Pasig Market Avenue Ext.,"1439 M. Suarez Avenue, Brgy San. Miguel, Pasig City 1600",14.569137,121.0864,5.81,6.42,12.23,267,3.72,59.56
Makati City,Corinthian Plaza,"G/F Corinthian Plaza Bldg., 121 Paseo De Roxas, Brgy. San Lorenzo, Makati 1223",14.5536495,121.0191234,5.82,6.14,11.95,396,3.73,59.51
Manila,Aurora - Hemady,"Santander Bldg. 711 Aurora Blvd corner Hemady Street, New Manila, Barangay Mariana, Quezon City 1112",14.6152929,121.0343767,5.86,6.11,11.97,388,3.7,64.07
Makati City,Cash And Carry Mall,"G/F Cash & Carry Mall, between South Super Hi-way and Filmore Street, Brgy Palanan, Makati City 1235",14.5610831,121.0046,5.55,6.24,11.79,331,3.7,60.83
Taguig,FTI Taguig,"Old FTI Admin Bldg, Lot 55 FTI Avenue , FTI Complex, East Service Road, Brgy. Western Bicutan, Taguig City",14.5062836,121.0357,5.83,6.05,11.88,281,3.78,60.02
Pasay,Harrison Buendia,"6365 SKK Bldg., Buendia cor. FB Harrison St., Brgy. 10 Zone 4, Pasay City 1300",14.5526332,120.9918,5.52,5.8,11.32,320,3.74,62.2
Quezon City,East Avenue,"22 East Avenue, Barangay Pinyahan, Diliman, Quezon City 1101",14.6394353,121.0468,5.65,5.83,11.48,370,3.73,66.99
Quezon City,Novaliches Lagro,"UNIT 1 D GROUND FLR ,BDC CORPORATE CTR Mindanao Avenue Extension, BGY Greater Lagro, Novaliches, Quezon City 1118",14.7251243,121.065,6.02,6.46,12.48,349,3.65,62.42
Quezon City,Cubao Manhattan Parkview,"Space No. 20 Ground Floor Manhattan Parkview Retail, Gen. Roxas Avenue corner Gen. Romulo Street, Araneta Center, Brgy. Socorro Quezon City 1109",14.620878,121.0526,5.72,6.2,11.92,346,3.72,59.31
Manila,Legarda,"No. 2227-2233 Legarda Street, Brgy 403, Sampaloc, Manila 1008",14.6009593,120.9913,5.66,5.79,11.45,344,3.82,61.94
Makati City,San Antonio Kamagong,"9146 CLC Condominium, cor. Kamagong and Catmon Streets., San Antonio Village, Brgy. San Antonio, Makati City 1203",14.566132,121.0076,5.65,5.97,11.62,361,3.72,60.69
Quezon City,EDSA - Cloverleaf,"1157 EDSA Balintawak, Brgy. Apolonio Samson, Quezon City",14.6569023,121.0064,5.7,5.95,11.65,331,3.7,66.64
Pasig,Ortigas San Miguel,"G/F OAC Bldg., 27 San Miguel Ave., Ortigas Center, Brgy. San Antonio, Pasig City 1605",14.5812582,121.0599,5.66,6.07,11.73,347,3.62,60.62
Valenzuela,Valenzuela Dalandanan,"54 McArthur Highway, Brgy. Dalandanan, Valenzuela City",14.6995625,120.9628,5.65,6.23,11.87,341,3.76,59.05
Quezon City,QC West Triangle,"1587 Quezon Avenue, Brgy West Triangle, Quezon City 1104",14.641924,121.0334,5.62,5.84,11.46,302,3.68,66.18
Manila,Sampaloc,"Laong Laan cor. AH Lacson Sts., Brgy. 470, Sampaloc, Manila 1008",14.6141937,120.9794154,5.41,5.42,10.83,335,3.77,61.7
Manila,Remedios,"Suite C Dona Felisa Syjuco Bldg. Corner Taft Avenue and Remedios St., Barangay 693 zone 75, Malate, Manila 1004",14.5727558,120.9906,5.88,6.2,12.08,384,3.63,64.6
Caloocan,Grace Park 11th Ave,"690 Rizal Ave. Extension (bet 10th & 11th Ave.), Brgy. 91, Grace Park, Caloocan City",14.6521072,120.9814293,5.81,6.21,12.02,387,3.65,60.07
Pasig,Ortigas Tektite,"5F West Tower, Tektite Towers, Exchange Road, Brgy. San Antonio, Ortigas Center, Pasig 1605",14.5824779,121.0614,6.02,6.3,12.33,328,3.66,57.12
Las Pinas,SM Southmall,"Upper Ground Floor, SM Southmall, Alabang Zapote Road, Brgy Almanza Uno, Las Pinas City 1750",14.4332614,121.0106,5.66,6.09,11.75,324,3.72,60.34
Quezon City,Congressional Avenue,"G/F The Arete Square, Congressional Avenue, Brgy Bahay Toro Proj. 8 Quezon City 1106",14.666274,121.0316,5.53,5.82,11.35,360,3.81,65.74
Pasig,Pasig Buting,"Anvic Bldg, 99-A San Guillermo Ave., Brgy. Buting, Pasig City 1601",14.5536055,121.0695,5.73,5.82,11.55,373,3.76,61.43
Navotas,Navotas North Bay,"371 Seafront Building, Brgy. Northbay Boulevard South, Navotas city",14.64399,120.9457773,5.72,5.98,11.7,390,3.7,59.7
Pasig,F. Ortigas Jr. Road,"Ground Flr, Agustin 1 Bldg, F. Ortigas Jr. Road (formerly Emerald Ave.), Barangay San Antonio, Ortigas Center, Pasig City 1600",14.5852723,121.0613,5.79,6.3,12.09,307,3.69,66.32
Quezon City,Quezon Avenue Kanlaon,"Quezon Avenue corner Kanlaon St., Barangay Sta. Teresita, Quezon City 1114",14.619881,121.0034,5.55,5.62,11.17,317,3.82,62.78
Quezon City,San Francisco Del Monte,"Araneta Avenue near corner Del Monte Avenue, Brgy Sienna, Quezon city",14.639082,121.0066,5.85,6.26,12.11,349,3.66,62.28
Makati City,Makati Atrium,"G/F Atrium of Makati, Makati Avenue, Brgy. Urdaneta, Makati City 1225",14.5572846,121.0261,5.73,6.13,11.86,354,3.79,65.58
Muntinlupa,Alabang Insular Life,"G/F Insular Life Corporate Centre, Commerce Ave., Filinvest, Brgy. Alabang, Muntinlupa City 1770",14.4190815,121.0387,5.63,5.84,11.48,329,3.73,61.93
Manila,San Lazaro Vertex One,"Vertex One Bldg., MJC Ayala Land Corporate Center, Felix Huertas corner F. Yuseco Streets, Barangay 350 Sta. Cruz, Manila",14.6180729,120.9848,5.74,6.08,11.82,341,3.7,64.86
Caloocan,Monumento Circle,"357 A Bonifacio Ave., Monumento Circle Caloocan City",14.657857,120.9794736,5.46,5.52,10.98,395,3.8,61.75
Quezon City,Kamias EDSA,"BPI Kamias Edsa branch - 5 Kamias Road, Brgy Pinyahan, Quezon City 1102",14.6316044,121.0487,5.49,5.69,11.19,334,3.76,63.3
Quezon City,Broadway,"677 Aurora Blvd., Brgy. Mariana New Manila, Quezon City 1112",14.6130875,121.0329,6.06,6.48,12.53,318,3.67,61.43
Quezon City,Katipunan Loyola Heights,"Miranda Bldg. #325 Katipunan Avenue corner Dela Rosa Street, Barangay Loyola Heights, Quezon City 1108",14.6402743,121.0742,5.77,6.11,11.88,378,3.72,59.24
Marikina,Marikina Gil Fernando,"25 Gil Fernando Avenue, Brgy. San Roque, Marikina City 1801",14.6228086,121.1007784,5.9,6.31,12.21,334,3.69,62.97
Quezon City,E. Rodriguez-Acropolis,"SRK Bldg., Blk 11 Lot 48, E. Rodriguez Avenue, Brgy. Bagumbayan, Quezon City 1110",14.603491,121.079,5.82,6.22,12.03,377,3.69,59.78
Makati City,One Ayala,"Lower Ground Floor, One Ayala, Ayala center Makati City",14.5565232,121.0223,5.95,6.63,12.58,314,3.74,57.34
Caloocan,C3 A Mabini,"193 A. MABINI ST., BRGY 30, MAYPAJO, CALOOCAN CITY",14.6402736,120.973027,5.77,6.22,11.98,333,3.69,61.02
Pasig,Meralco,"G/F Technical Services Bldg., Meralco Compound, Ortigas Avenue, Brgy. Ugong, Pasig City 1605",14.5898318,121.0616,5.64,6.09,11.73,411,3.73,66.73
Valenzuela,Paso De Blas,ESA Bldg. 491 Paso de Blas Road Valenzuela City,14.7052091,120.9888,5.63,5.84,11.47,407,3.73,65.91
Muntinlupa,Alabang Hills,"Unit 12, G/F, Alabang Citi Arcade Bldg, Don Jesus Blvd. West Service Rd, Brgy. Cupang, Muntinlupa City 1771",14.4341027,121.0446,5.66,5.99,11.65,317,3.72,66.95
Quezon City,Quezon Avenue - South Triangle,"1480 Quezon Avenue, Barangay South Triangle, Quezon City 1103",14.6399556,121.0316,6.03,6.27,12.3,332,3.7,57.08
Makati City,Rockwell,"103 Ground Level R1, Poweplant Mall, Rockwell Center, Brgy. Poblacion Makati City 1210",14.5646479,121.0364,5.63,5.77,11.4,358,3.73,61.81
Quezon City,Retiro Kanlaon,"NS Amoranto Sr. Avenue cor. Kanlaon Street, Quezon City",14.6303181,120.9965,5.61,6,11.61,348,3.75,61.2
Mandaluyong,Mandaluyong-Pioneer,"1 Lower G/F Pioneer Highland Condominium, Madison corner Pioneer Street, Brgy. Barangka Ilaya, Mandaluyong City 1550",14.5722975,121.0459,5.79,6.25,12.04,344,3.68,64.56
Quezon City,Kalayaan,"114 Kalayaan Avenue, Brgy Central Diliman, Quezon City 1100",14.6450493,121.0538,5.69,6,11.69,350,3.75,59.6
Quezon City,Roosevelt,"Ground Floor Bayantel Roosevelt Operation Center - 234 Roosevelt Avenue, SFDM, Brgy Del Monte, Quezon City 1105",14.646326,121.0177,5.69,6.09,11.77,341,3.74,64.33
Pateros,Pateros,"536 M. Almeda St., Brgy. San Roque, Pateros 1620",14.5412071,121.0650216,5.56,5.69,11.25,273,3.78,68.02
Quezon City,Project 8 - Short Horn,"26 Shorthorn Street, Project 8, Barangay Bahay Toro, Quezon City 1106",14.6658329,121.022,5.67,6.07,11.74,378,3.7,59.31
Quezon City,Eastwood City,"Ground Floor, Techno Plaza One Building, 18 Orchard Road, Eastwood City, Bagumbayan, Quezon City",,,5.62,5.59,11.21,370,3.8,65.15
Manila,Quiapo,"112 Carlos Palanca St., Barangay 306 Zone 30 Quiapo, Manila 1001",14.5979222,120.9794642,5.64,5.98,11.62,309,3.81,61.79
Manila,Paco,"1585 General Luna St., Brgy 675 Zone 73, Paco Manila 1007",14.5782869,120.9576457,5.64,5.94,11.57,359,3.71,65.83
Pasig,Pasig Blvd,"JNCV Bldg. Pasig Blvd. cor Rosemary Lane, Brgy. Kapitolyo, Pasig City 1603",14.567849,121.0659,5.7,5.9,11.6,333,3.73,66.54
Quezon City,E. Rodriguez B.G. Belmonte,"1466 & 1468 E. Rodriguez Sr. Avenue corner Betty Go-Belmonte Street, Brgy. Immaculate Conception, Quezon City 1111",14.6245114,121.0382,5.28,5.38,10.66,296,3.83,68.06
Pasay,Pasay D. Macapagal Ave.,"G/F Pacific Concrete Products Bldg, Sen Gil Puyat ext. cor Diosdado Macapagal Ave, BRGY. 76 ZONE 10, Pasay City 1300",14.5532466,120.9932,5.7,6.15,11.86,344,3.69,59.18
Muntinlupa,Alabang Town Center,"G/F ATC Corporate Center, Alabang-Zapote Road, Ayala Alabang, Muntinlupa City 1770",14.4248296,121.0285,5.83,5.9,11.73,391,3.67,65.55
Quezon City,Kamias Anonas,"137 Kamias Road, Brgy Sikatuna, Quezon City 1102",14.6346232,121.0584,5.69,6.27,11.96,351,3.69,62.9
Makati City,Buendia Pasong Tamo,"G/F Comfoods Bldg., Sen Gil Puyat Ave., cor Chino Roces Ave., Brgy. San Antonio, Makati City 1203",14.5605842,121.0118,5.76,5.87,11.63,339,3.66,59.58
Manila,Divisoria Carmen Planas,"866-868 L&J Bldg., Carmen Planas St., Barangay 269 Zone 25 District III, Binondo, Manila 1006",14.6055658,120.9669521,5.8,6.13,11.93,322,3.75,64.87
Makati City,Pasong Tamo,"2182 Chino Roces Avenue, Brgy. Pio del Pilar, Makati City 1230",14.5541735,121.0136,5.61,5.88,11.5,309,3.73,62.01
Quezon City,Congressional Avenue Extension,Lot 17 Block 5 Congressional Extension Avenue Barangay Culiat Quezon City Metro Manila,14.6733775,121.0564,5.57,5.7,11.28,385,3.73,59.88
Paranaque,Dr. A. Santos Avenue BF,"8006 ECH Plaza. Dr. A. Santos Avenue, Brgy. BF Sucat, Paranaque City. Metro Manila NCR 1700",14.4590206,121.0305,5.7,6.12,11.82,329,3.7,62.02
Quezon City,Trinoma North,"Unit 1085-1086 Level M1, Trinoma, North Triangle, Brgy. Bagong Pag-asa Quezon City",14.6551623,121.0309,5.77,6.23,12,351,3.7,61.54
Manila,Pritil,"Grand Innovation Bldg. 1997-2003 Juan Luna st., Barangay 151 Zone 13 Tondo Manila 1013",14.6195198,120.9685677,5.57,5.59,11.16,360,3.75,66
Mandaluyong,Mandaluyong Greenfield District,"G/F Zitan Condominium 730 Shaw Boulevard corner Sto. Cristo Street, Greenfield District,Brgy. Highway Hills, Mandaluyong City 1550",14.5802125,121.0541,5.87,6.28,12.15,399,3.7,59.74
Taguig,Diego Silang - Petron C5,"G/F Petron C5 Rd. Diego Silang Complex, Brgy. Ususan Taguig City 1634",14.5220342,121.036,5.91,6.25,12.16,378,3.71,57.66
Caloocan,Caloocan Camarin Susano,"Unit 1 Ground Floor, Aryanna Village Center, Brgy 175, Susano Road, Camarin, Caloocan City 1400",14.7559063,121.0368598,5.82,6.14,11.97,316,3.69,66.12
Mandaluyong,Mandaluyong Barangka,"One Sulatan Tower, 1 Sulatan Street Corner Barangka Drive, Mandaluyong City 1550",14.5758539,121.0421,5.66,6.03,11.69,360,3.76,65.16
Pasig,Julia Vargas,"G/F Antel Global Corporate Center, Julia Vargas, Brgy. San Antonio, Ortigas Center, Pasig City 1605",14.5839852,121.0629,5.46,5.71,11.18,398,3.72,61.15
Makati City,Buendia Reposo,"G/F ITC Bldg., 337 Sen. Gil Puyat, Brgy. Bel Air, Makati City",14.5625341,121.0232,5.82,6.4,12.22,360,3.73,57.93
Makati City,Paseo De Roxas,"Ayala Triangle Gardens Tower 2 Building Paseo de Roxas corner Makati Avenue , Makati City 1209",14.5578002,121.0255,5.68,5.96,11.64,350,3.74,66.51
Quezon City,Quezon Ave - Delta,"385 Quezon Avenue, Brgy. West Triangle, Quezon City 1104",,,5.51,5.76,11.27,338,3.74,62.75
Muntinlupa,Alabang Madrigal Park,"G/F Unioil Center Bldg., Madrigal Business Park 1, Commerce Ave cor. Acacia, Brgy. Ayala Alabang, Muntinlupa City 1770",14.4236601,121.0237,5.61,5.78,11.39,311,3.76,61.49
Mandaluyong,Shaw - Mandaluyong,"Unit #6 Ground Floor Sunshine Square Bldg. Shaw Boulevard, Barangay Pleasant Hill, Mandaluyong City 1550",14.5880201,121.0449,5.64,6.13,11.77,340,3.7,62.19
Manila,Mabini Echelon,"Unit A1 G/F Echelon Tower Condominium, 2100 A. Mabini Street, Brgy 701 Zone 77 District V, Malate, Manila 1004",14.5668258,120.9866,5.66,6.2,11.85,379,3.74,64.59
Makati City,Chino Roces Ext.,"G/F, Natividad Building, 2308 Don Chino Roces Avenue Extension, Brgy. Magallanes, Makati City 1231",14.5330289,121.0224,5.65,5.73,11.38,294,3.74,62.06
Quezon City,Novaliches Sarmiento,"946 Quirino Highway corner Sarmiento Street, Barangay Novaliches Proper, Novaliches, Quezon City 1117",14.7197324,121.04,5.98,6.35,12.33,355,3.68,58.74
Quezon City,E.Rodriguez Bagumbayan,"Unit G3 Ground Floor MDC100 Bldg, E. Rodriguez Jr. Avenue, Brgy. Bagumbayan, Quezon City",14.6085948,121.0816,5.74,5.64,11.39,379,3.75,60.89
Makati City,Dela Rosa Paseo,"109 Paseo de Roxas corner Dela Rosa St., Barangay San Lorenzo, Makati City 1226",14.5552968,121.0205,5.6,5.8,11.4,391,3.71,66.07
Manila,Robinsons Otis,"Level 1 Robinsons Otis Mall, Paz M. Guazon Street, Paco, Manila 1007",14.5872482,120.9957,5.85,6.21,12.06,304,3.68,63.85
Manila,Sta.Mesa,"4131 Ramon Magsaysay Blvd., Sta. Mesa, Brgy 586 Zone 57, Manila 1016",14.6035714,121.0162,5.5,5.79,11.29,366,3.72,62.62
Manila,Ermita,"G/F Midland Plaza Condominium, M Adriatico St Brgy 669 Zone 72 District V, Ermita Manila 1000",14.5689615,120.9868,5.22,5.15,10.37,293,3.9,65.07
Quezon City,Waltermart North EDSA,"G/F WMEDG 03, Waltermart North EDSA, MuÃ±oz Brgy. Veterans, Quezon City 1105",14.6537082,121.0242,5.6,5.88,11.47,314,3.69,67.24
Pasay,Pasay Buendia,Ground Floor Trium Square Sen Gil Puyat Ave cor Leveriza St Pasay City 1300,14.5539323,120.9951,5.38,5.71,11.09,350,3.75,60.6
Taguig,Fort Mckinley Hill,"Units K and L, G/F One World Square Bldg., McKinley Hills, Upper McKinley Road, McKinley Town Center, Brgy. Fort Bonifacio, Taguig",14.5349911,121.048,5.76,6.04,11.8,297,3.79,61.95
Pasig,Pasig Mabini,"32 A. Mabini St., Barangay Kapasigan, Pasig City 1600",14.5629827,121.0761,5.7,6.09,11.79,315,3.64,61.04
Makati City,Magallanes Edsa,"G/F MPI Bldg., 1052 EDSA Magallanes Village, Brgy. Magallanes, Makati City 1232",14.5393052,121.015,5.63,5.7,11.33,359,3.78,66.84
Makati City,Legaspi Columns,"G/F Tower 1 The Columns, Legaspi Village, Amorsolo St. corner Arnaiz Ave., Legaspi Village, Brgy. San Lorenzo, Makati City 1223",14.551928,121.0156,5.5,5.8,11.3,373,3.72,67.57
Quezon City,Commonwealth,Commonwealth Avenue corner Holy Spirit Drive Don Antonio Heights Brgy Holy Spirit Quezon City 1121,14.6832008,121.0788,5.73,6.26,11.99,355,3.64,64.11
Pasig,Rockwell the Grove,"GF-RS-110-111, The Grove by Rockwell, E. Rodriguez Jr. Ave, Ugong, Pasig City 1604",14.5856768,121.0813,5.86,6.39,12.25,327,3.69,64.2
Manila,Leon Guinto,"Ground Floor, NAESS House, 2215 Leon Guinto Street, Brgy 729 , Zone 79 5th District, Malate, Manila",14.5689155,120.993,5.74,5.69,11.43,388,3.77,65.9
Makati City,Dela Rosa Solaris One,"G/F Solaris One Bldg. Dela Rosa Street Legaspi Village, Brgy. San Lorenzo, Makati City",14.5580653,121.0173,5.83,6.18,12.01,337,3.68,57.75
Manila,Ermita Pedro Gil,"G/F TSPI Bldg. 606 Pedro Gil Street, Brgy 698 Zone 76 Ermita, Manila 1000",14.574443,120.9848,5.72,6.02,11.74,362,3.76,58.57
Pasig,Ayala Malls The 30Th,"L0064-L0065 Lower G/F Ayala Malls the 30th 30 Meralco Avenue, Barangay Ugong, Pasig City 1604",14.580747,121.0641,5.61,5.74,11.35,291,3.74,61.95
Makati City,San Lorenzo,"1004 A. ARNAIZ AVENUE, SAN LORENZO VILLAGE, Brgy. San Lorenzo, MAKATI CITY 1223",14.5531992,121.0231651,5.73,6.18,11.9,364,3.74,60.07
Makati City,Medical Plaza - Makati,"G/F Unit 102 Medical Plaza Bldg. Amorsolo cor Dela Rosa St. Legaspi Village, Brgy. San Lorenzo, Makati City 1229",14.5579906,121.0166,5.98,6.06,12.04,302,3.72,64.09
Makati City,Pasong Tamo Ext. Edsa,"2279 Chino Roces Avenue, Brgy. Magallanes, Makati City 1231",14.5381273,121.0203,5.97,6.3,12.27,296,3.66,57.97
Makati City,Comembo,"16 JP Rizal Extension, Brgy. Comembo, Makati City 1217",14.5491006,121.0635,5.88,6.08,11.97,307,3.66,64.83
Makati City,Magallanes South,"Lot 6, Block 5, Paseo de Magallanes, Brgy. Magallanes, Makati City 1232",14.5392462,121.0166,5.9,6.44,12.34,398,3.67,57.08
Marikina,Marikina W. Paz,"28 W. Paz St. cor. E. Dela Paz St., Brgy. Sta Elena, Marikina City 1800",14.6325602,121.0942541,5.56,5.61,11.16,305,3.82,68.2
Quezon City,Blue Ridge Boni Serrano,"Citigold Plaza Bldg. 175 Katipunan Avenue, Brgy Bayanihan, Quezon City 1109",14.6156453,121.0701,5.78,6.11,11.89,291,3.76,62.26
Manila,Binondo Rosario,560 Don Yujuico Bldg Quintin Paredes St. 027 Barangay 289 Binondo Manila 1006,14.5996339,120.9725315,5.78,5.96,11.74,317,3.68,63.15
Quezon City,QC Sto Domingo,"1 Biak-Na-Bato corner Quezon Avenue, Brgy Sto. Domingo, Quezon City 1114",14.6252558,121.0095,5.62,5.85,11.47,381,3.77,66.19
Las Pinas,BF Resort Las Pinas,"BF Resort Drive cor. Gloria Diaz St., BF Resort Village, Barangay Talon Dos, Las Pinas 1747",14.4435579,120.9929,5.64,6.01,11.65,314,3.74,67.28
Taguig,Globe BGC,"19/F THE GLOBE TOWER, 32nd St. corner 7th Avenue, Bonifacio Global City, Brgy. Fort Bonifacio, Taguig City",14.5532937,121.0501,5.53,5.8,11.33,367,3.78,66.83
Pasig,Rockwell Ortigas,"Unit N-11 Ground Floor Tower 2. The Rockwell Business Center, Brgy. Ugong, Ortigas Avenue, Pasig City 1605",14.5901484,121.068,5.77,6.25,12.02,384,3.69,63.65
Makati City,Greenbelt 5,"Lower G/F, Greenbelt 5, Ayala Center, Legaspi Street, Brgy. San Lorenzo, Makati City 1226",14.5539165,121.0194,5.77,6.26,12.02,370,3.71,60
Malabon,Malabon-San Bartolome,"29 Rizal Avenue Extension, Brgy. Tanong, Malabon City 1470",14.6582763,120.952,5.79,6.09,11.87,391,3.7,58.2
Muntinlupa,Alabang Civic Place,"Unit 102 - 2301 Civic Place Bldg Civic Dr FilInvest Barangay Alabang, Muntinlupa City 1770",14.414114,121.0434,5.17,5.37,10.54,345,3.82,66.77
Manila,Morayta Feu,G/F FEU Technology Bldg. Nicanor Reyes St. Sampaloc Manila 1008,14.6028534,120.986796,5.81,6.26,12.07,332,3.71,58.73
Makati City,Ayala Avenue SGV,"SGV Building II, 6758 Ayala Avenue, Brgy. San Lorenzo, Makati City 1226",14.5555721,121.0228,5.77,6.05,11.82,346,3.71,61.22
Quezon City,Robinson's Nova Market,"Robinsons Place Novaliches Level 1 Main Mall, Quirino Highway, Barangay Pasong Putik, Novaliches, Quezon City 1118",14.7989985,121.0688,5.59,5.86,11.45,294,3.77,62.02
Quezon City,Up Town Center,"Unit C145A L1 Phase 2 UP Town Center, Katipunan Avenue, Brgy. UP Campus, Quezon City 1101",14.6473556,121.0741,5.75,5.95,11.69,283,3.7,61.56
Manila,Zobel Roxas,"1015 Krisambet Bldg. Zobel Roxas Street., Barangay No.755, Malate, Manila 1004",14.5621999,120.9992,5.76,5.98,11.74,292,3.72,66.99
Malabon,Malabon - Gov Pascual,"131 Governor Pascual Avenue, Barangay Acacia, Malabon City 1474",14.6695894,120.9707,5.78,6.23,12.01,344,3.7,57.94
Quezon City,E.Rodriguez Welcome Rotonda,"GF M1 Central Bldg, 18 E Rodriguez Sr Avenue cor Matimyas St, Brgy Don Manuel, Quezon City 1113",14.6178593,121.0042,5.55,5.73,11.27,357,3.76,65.91
Quezon City,Araneta - E. Rodriguez,"486 G. Araneta Avenue, Brgy Dona Imelda, Quezon City 1113",14.6167111,121.0165,5.89,5.94,11.83,363,3.68,63.4
Manila,Intramuros,"G/F BPI Bldg, Muralla Street, Brgy 654 Zone 69 District V, Intramuros, Manila 1002",14.5934325,120.9748,5.46,5.62,11.08,322,3.77,68.04
Quezon City,Fairview Terraces,"Ground Floor Fairview Terraces Ayala Mall, Quirino Highway cor. Maligaya Drive, Brgy. Pasong Putik, Novaliches, Quezon City 1118",14.7363856,121.0602,5.81,5.96,11.78,335,3.71,65.05
Manila,Taft Avenue,"G/F Unlad Condo, Taft Avenue cor. Gen. Malvar Street, Brgy 696 Zone 76 District V, Malate, Manila 1004",14.5747522,120.9861501,5.55,5.77,11.33,323,3.78,67.72
Quezon City,Ayala Malls Vertis North,"Space R4-L1-041&042, Level 1, Vertis North, Phase 1&2 cor. North Ave., Brgy. Bagong Pag-asa, Quezon City ZIP CODE 1105",14.6538022,121.0383,5.54,5.85,11.4,345,3.76,61.92
Makati City,Alfaro,"G/F LPL Center, 130 L.P. Leviste St., Brgy. Bel-Air, Salcedo Village, Makati City 1227",14.5591613,121.0219,5.69,5.94,11.62,417,3.8,61.65
Quezon City,Fairview,"Lot 2 Blk 32 Fairview Park, Brgy. Fairview, Quezon City 1118",14.0628213,122.1178,5.65,6.04,11.68,347,3.77,60.79
Manila,Juan Luna Recto,"834 Gopoco Bldg.,Juan Luna Street Corner Recto, Barangay 268, Binondo, Manila 1006",14.6007303,120.9747,5.92,6.38,12.3,400,3.74,63.87
Makati City,Ayala Paseo,"G/F Philamlife Tower, 8767 Paseo de Roxas, Brgy. Bel-Air, Makati City 1200",14.5575269,121.0218,5.43,5.68,11.12,335,3.8,68.02
Quezon City,Roosevelt - Munoz,"316 Roosevelt Ave, SFDM, Barangay San Antonio, Quezon City 1105",14.6451092,121.0171,5.36,5.83,11.19,288,3.77,67.55
Muntinlupa,New Alabang,"G/F Alabang Town Center Mall Entrance, Alabang-Zapote Road, Brgy Ayala Alabang, Muntinlupa City 1770",14.4235683,121.0296,5.57,5.83,11.4,333,3.74,66.89
Quezon City,QA Fisher Mall,"Upper Basement Fisher Mall, Quezon Avenue corner Roosevelt Avenue, Brgy Santa Cruz Quezon City 1114",14.6340317,121.0205,5.52,5.79,11.31,353,3.73,60.61
Pasig,Ayala Malls Feliz,"Ayala Malls Feliz, J.P. Rizal Street corner Marcos Highway, Dela Paz, Pasig City 1600",14.6197927,121.0933,5.52,5.72,11.24,375,3.77,67.3
Quezon City,Aurora Boulevard,"719 Aurora Blvd, Brgy. Mariana, Quezon City 1112",14.6131749,121.033,5.84,6.2,12.04,292,3.69,57.61
Manila,Divisoria,"707 Elcano Tower II, Elcano St., Barangay 271 Binondo, Manila 1006",14.6026526,120.9685565,5.7,6.09,11.8,386,3.66,60.62
Mandaluyong,Boni Avenue,"612 Boni Avenue cor Sikap St., Barangay Plainview Mandaluyong City 1550",14.5756661,121.036,5.77,6.09,11.86,314,3.7,60.22
Quezon City,SM North EDSA,"SM City North EDSA Branch, SM Main Bldg., Brgy. Bagong Pagasa, Quezon City 1105",14.6593553,121.0328,5.77,6.32,12.09,384,3.71,64.79
Makati City,Buendia Malugay,"G/F Techzone Bldg., 213 Sen. Gil Puyat Ave., Brgy San Antonio, Makati CityÂ 1203",14.5588716,121.0093,5.57,5.71,11.28,326,3.73,60.48
Marikina,Marikina Sto Nino,"298 Shoe Avenue corner Sumulong Highway, Brgy. Sto. Nino, Marikina City 1800",14.6358066,121.0949156,5.42,5.47,10.88,290,3.79,68.08
Mandaluyong,Shaw Boulevard,"537 BCC Bldg. Shaw Blvd, Brgy. Wack Wack, Mandaluyong City 1552",14.5886724,121.0302414,5.63,5.81,11.43,295,3.71,67.17
Makati City,Pasong Tamo La Fuerza,"Unit/s 1 & 2 La Fuerza Plaza 1, 2241 Don Chino Roces Avenue, Brgy. Bangkal,Makati City 1231",14.5451992,121.0165,5.86,6,11.86,300,3.68,60.9
Malabon,Malabon Rizal,"682 Rizal Ave Ext cor, Rivera St., Brgy. Tanong, Malabon City 1470",14.6587869,120.9531,5.64,6.04,11.67,393,3.71,65.28
Makati City,Legaspi Salcedo,"G/F State Condominium 1 Building, 186 Salcedo Street, Legaspi Village, Brgy. San Lorenzo, Makati City 1229",14.555967,121.0157,6,6.36,12.36,296,3.61,54.39
Manila,Espana UST,"Espana Corner Moret Street , Brgy 397 , Sampaloc, Manila 1008",14.604891,120.993,5.71,5.88,11.59,338,3.75,65.93
Quezon City,T Sora - Visayas Avenue,"243 Tandang Sora Avenue, Tandang Sora. Quezon City",14.6770882,121.0415,5.7,5.97,11.67,372,3.65,65.04
Pasig,Pasig Capitolyo,"61 Shaw Boulevard, Brgy Kapitolyo, Pasig City 1603",14.5734888,121.0623,5.83,5.98,11.82,350,3.67,60.52
Quezon City,St. Luke's,"St. Luke's Medical Center, 279 E. Rodriguez Sr. Ave, Brgy Kalusugan, Quezon City 1112",14.6217245,121.024,5.67,6.12,11.79,362,3.65,64.37
Valenzuela,Marulas,"KM 11, Mac Arthur Highway, Brgy. Marulas, Valenzuela City 1440",14.674833,120.9816,5.91,6.22,12.13,397,3.67,58.22
Manila,MH Del Pilar,"M. H. Del Pilar cor. UN Avenue, Brgy 667 Zone 72, Ermita, Manila 1000",14.5795981,120.9788,5.65,5.88,11.53,294,3.76,61.8
Manila,Balut Tondo,"2484-2488 Juan Luna St., Gagalangin, Tondo, Barangay 165 1013, Manila",14.6259797,120.9707768,5.28,5.36,10.64,407,3.79,64.54
Pasig,Pasig C. Raymundo,"Lot 1, Blk 3, #9 C. Raymundo Avenue, Brgy. Maybunga, Pasig City 1607",14.5894679,121.0894,5.7,5.94,11.64,364,3.68,65.27
Quezon City,Novaliches SM Hypermarket,"G/F SM Hypermarket Novaliches, 402 Quirino Highway, Brgy Talipapa, Novaliches, Quezon City 1116",14.6813322,121.0213,5.56,5.76,11.32,302,3.73,68.14
Makati City,Buendia Center,"G/F Buendia Center Bldg., Sen. Gil Puyat Ave., Brgy. Bel-Air, Makati City",14.5614155,121.0264,5.76,5.98,11.75,302,3.74,64
Quezon City,ABS CBN,"G/F Tower Entrance ELJ Communications Ctr. ABS-CBN Broadcasting Corp., Mother Ignacia St. Brgy South Triangle, Quezon City 1103",14.6392199,121.0357,5.55,5.59,11.14,326,3.75,62.83
Mandaluyong,ADB,"Lower G/F Asian Development Bank, 6 ADB Avenue, Ortigas Center, Brgy. Wack wack, Mandaluyong City 1550",14.5880892,121.0569131,5.69,6.13,11.82,331,3.73,65.94
Manila,Amaia Skies Avenida,"Ground Floor R01-R04, Amaia Skies Avenida Building, Doroteo Jose corner Tomas Mapua Sts., Bgy 313, Zone 31, 3rd District, Sta Cruz , Manila 1003",14.6050427,120.9788052,5.48,6.02,11.5,352,3.79,66.67
Quezon City,Timog EDSA,"114 Timog Avenue, Ibon Building, Brgy Sacred Heart, Quezon City 1103",14.6332736,121.0414,5.48,5.66,11.14,330,3.78,67.34
Pasig,Pasig Amang Rodriguez,"Beside Caltex Gas Station, cor Amang Rodriguez Avenue and Octagon Street Dela Paz Pasig City",14.6094801,121.0919,5.5,5.85,11.36,317,3.69,61.69
Quezon City,Philippine Heart Center,"Philippine Heart Center Medical Arts Building Annex, Matalino St., Brgy Central Diliman, Quezon City 1100",14.64473,121.0505,5.8,6.18,11.98,364,3.65,60.13
Manila,Blumentritt Chinese Gen,"Ground Floor, Chinese Medical Arts Building, 286 Blumentritt, Sta. Cruz , Manila 1014",14.6256346,120.9860752,5.77,6.11,11.89,362,3.71,59.76
Mandaluyong,Mandaluyong,"G/F Mayflower Annex Building, 88 United St Greenfield District, Brgy. Highway Hills, Mandaluyong City 1550",14.5761732,121.0561,5.68,5.9,11.57,312,3.73,61.26
Mandaluyong,Kalentong,"792-E General Kalentong, Barangay Harapin Ang Bukas Streets, Mandaluyong City 1550",14.5920796,121.0261,5.6,5.92,11.52,348,3.71,61.11
Taguig,Market Market,"Ground Floor Market Market, Bonifacio Global City, Brgy. Fort Bonifacio, Taguig City",14.5502545,121.0561,5.47,5.63,11.1,313,3.85,68.7
Makati City,Makati Main,G/F Makati Stock Exchange Bldg Ayala Ave Brgy Bel-Air Makati City 1226,14.5561311,121.0236,5.95,6.47,12.42,395,3.65,57.02
Navotas,Navotas M. Naval,"1009 M. Naval Street, Brgy. San Jose, Navotas City",14.6622125,120.9455,5.74,6.22,11.95,351,3.7,63.45
Quezon City,Del Monte,"401 Del Monte Ave., Brgy Manresa, Quezon City",14.638953,121.0041,5.69,5.8,11.49,300,3.76,66.9
Makati City,Rufino Esteban,"G/F Sage House Condominium 110 V.A Rufino St., Legaspi Village, Brgy. San Lorenzo, Makati City 1229",14.5561105,121.0176,5.72,6.31,12.02,303,3.67,64.84
Manila,Arranque,"1451-53 Soler St., Barangay 305 Zone 210 Sta. Cruz, Manila 1003",14.603093,120.9773309,5.77,6.23,12,310,3.73,61.53
Quezon City,Lagro,"Lot 7 Block 1 Sacred Heart Village, Quirino Highway, Brgy. Pasong Putik, Quezon City 1118",14.7189677,121.0402,5.65,6.01,11.66,370,3.73,66.16
Quezon City,Ayala Malls Cloverleaf,"Space no. 123 & 124, Ground Floo, Ayala Malls Cloverleaf, Balintawak, Quezon City",14.6544846,121.0019,5.87,6.06,11.93,399,3.7,65.04
Makati City,Salcedo Tordesillas,"G/F Solar Century Tower, HV Dela Costa corner Tordesillas Sts, Barangay Bel Air, Salcedo Village, Makati City",14.5596008,121.0206,5.61,5.71,11.33,393,3.77,60.51
Makati City,Ayala East,"G/F Ayala Life FGU Center, 6811 Ayala Ave. Brgy. Bel-Air, Makati City",14.5597573,121.0173,5.49,5.87,11.35,348,3.74,67.2
Makati City,The Residences At Greenbelt,"GL3 The Residences at Greenbelt Condominium Esperanza St. Ayala Center, Brgy. San Lorenzo, Makati City 1228",14.5512855,121.0194,5.75,6.02,11.78,428,3.69,60.97
Caloocan,Caloocan,"1350-1352 Rizal Ave Extn ( between 6th & 7th Ave.), Brgy. 110 Gracepark, Caloocan City 1400",14.6460235,120.9835707,5.82,6.38,12.2,354,3.71,56.09
Manila,Nueva,"492 E.T. Yuchengco Street (former Nueva), Binondo, Manila 1006",14.5988884,120.9759,5.58,5.8,11.38,398,3.73,60.11
Makati City,Ayala Nex Tower,"Ground Floor, NEX Tower, 6786 Ayala Avenue, Makati City",14.5586352,121.0176,5.71,6.11,11.81,387,3.7,65.7
Manila,Vito Cruz Taft Ave.,"078 Vito Cruz corner Taft Avenue, Barangay 719 Malate, Manila 1004",14.5623353,120.9924063,5.63,5.71,11.34,329,3.75,66.12
Muntinlupa,Alabang Ayala Life,"Ayala Life FGU Bldg., Alabang-Zapote Road cor Acacia Ave, Madrigal Business Park Brgy Ayala Alabang, Muntinlupa City 1770",14.4272137,121.0214687,5.55,5.99,11.54,292,3.77,66.19
Manila,Pandacan West Zamora,"1890 West Zamora Street, Brgy 850 Zone 93 Pandacan, Manila 1011",14.5854946,121.001,5.66,5.93,11.59,364,3.69,66.31
Pasig,Ortigas Sapphire,"Unit D, GF, Suntree Tower, No. 27 Sapphire Road, Brgy. San Antonio, Ortigas Center, Pasig City 1605",14.5858778,121.0636,5.79,6.01,11.81,412,3.71,61.62
Quezon City,Loyola Katipunan,"Katipunan Road cor Escaler St., Brgy Loyola Heights, Quezon City 1108",14.6458763,121.0736,5.77,6.02,11.79,345,3.68,64.89
Makati City,Vito Cruz Chino Roces,"1171 Don Chino Roces Avenue, Brgy. San Antonio, Makati City 1203",14.5716939,121.0155,5.66,5.76,11.42,339,3.68,62.42
Pasay,Macapagal Meridian Park,"Double Dragon Plaza, DD Meridian Park, EDSA Extension Corner Macapagal Boulevard Bay Area, Pasay City 1300",14.5359377,120.9905,5.99,6.43,12.42,353,3.65,58.49
Makati City,Pasay Road,"G/F Colbella Arcade, 910 A. Arnaiz Ave., Brgy. San Lorenzo, Makati City 1223",14.5507541,121.0202,5.93,6.06,11.99,360,3.67,64.94
Makati City,Bel Air Polaris,"G/F Ventures II Bldg., 51 Polaris St., Bel Air Village, Brgy. Bel-Air, Makati City 1209",14.5639339,121.0263,5.53,5.73,11.26,369,3.74,67.01
Makati City,Ayala Columns,"G/F The Columns Tower 2, Ayala corner Buendia Avenue, Brgy. Bel-Air, Makati City 1209",14.5618589,121.0164,5.7,6.22,11.93,374,3.72,58.7
Quezon City,Retiro Mayon,"NS Amoranto Cor. Mayon St., Brgy. NS Amoranto, La Loma, Quezon City 1114",14.6326976,120.9944,5.51,5.94,11.45,383,3.74,61.85
Makati City,Ayala North Exchange,"Ground Floor, Ayala North Exchange, Ayala Avenue. corner Amorsolo and Salcedo Streets, San Lorenzo, Makati City",14.5600741,121.0158,5.55,5.36,10.91,287,3.81,63.56
Paranaque,Ayala Malls Manila Bay,"Ayala Malls Manila Bay, Aseana Avenue Corner Macapagal Blvd., Barangay Tambo, Aseana City, Paranaque City 1701",14.5269919,120.9826,5.62,5.85,11.47,422,3.7,67.27
Makati City,Ayala Insular,"6781 Insular Life Building Ayala Avenue corner Paseo De Roxas, Brgy. Bel-Air, Makati City",14.5571446,121.0211,5.6,5.74,11.34,339,3.8,61.95
Mandaluyong,SM Megamall,"G/F Bldg A SM Megamall, Bank Drive, Brgy. Wack-wack, Ortigas Center, Mandaluyong City 1550",14.5860657,121.0572,5.42,5.81,11.22,409,3.84,64.54
Muntinlupa,BPI Muntinlupa Alabang,"384 East Service Road, Barangay Alabang, Muntinlupa City 1770",14.4194332,121.0459,5.91,6.29,12.2,299,3.67,62.75
Quezon City,Timog Avenue,"34 Timog Avenue, Barangay Laging Handa, Quezon City 1103",14.635281,121.032,5.8,5.96,11.76,404,3.7,65.21
Quezon City,Quezon Avenue Espana,"14 Quezon Avenue, Brgy. Dona Josefa, Quezon City 1113",14.619271,121.0036,5.75,6.31,12.06,321,3.7,59.63
Pasay,Baclaran,"3100 Roxas Blvd., Baclaran, Brgy 76 Zone 10, Pasay City 1300",14.543641,120.9908,5.75,6.2,11.95,358,3.65,59.33
Makati City,Bangkal,"1797 Evangelista cor. Gen. Mascardo St. Bangkal , Makati City 1233",14.546838,121.0111,5.65,6.01,11.66,373,3.71,65.14
Malabon,Malabon Gen. Luna,"254 General Luna St, Brgy. Concepcion, Malabon City",14.6679713,120.9478,5.88,6.31,12.19,365,3.69,63.69
Quezon City,Novaliches Gen. Luis,"Gen Luis corner Gold Street, Millionaires Village, Barangay Novaliches Proper, Novaliches Quezon City 1123",14.7247301,121.0371,5.78,6.12,11.9,304,3.72,61.56
Quezon City,Xavierville,"74 Xavierville Avenue, Brgy. Loyola Heights, Quezon City 1108",14.6347764,121.0703,5.6,5.86,11.46,319,3.82,67.72
Quezon City,Fairview East,"Blk 4 Lot 4 Commonwealth Avenue, Brgy. Fairview, Quezon City 1118",14.7053433,121.0758,5.73,6.12,11.85,372,3.71,61.08
Quezon City,Visayas Avenue,"46 Visayas Avenue, Brgy Vasra, Project 6, Quezon City 1100",14.6608956,121.0449,5.78,6.19,11.98,385,3.7,58
Makati City,Glorietta Mall Ground Level,"G/F Unit 1086 Glorietta Mall, Ayala Center, Brgy. San Lorenzo, Makati",14.550629,121.0255,5.81,6.21,12.02,280,3.66,58.02
Quezon City,Kamuning,"105 Kamuning Road, Barangay Kamuning, Quezon City",14.6301149,121.0428,5.79,6.21,11.99,371,3.71,63.53
Quezon City,Timog Circle,"Timog Commercial Center, Timog Ave cor. Panay Avenue, Brgy South Triangle, Quezon City 1103",14.6334939,121.0407,5.89,6.25,12.14,314,3.69,59.41
Pasig,Robinson's Tower Ortigas,"G/F Robinsons Equitable Tower, # 4 ADB cor Poveda Ave., Brgy. San Antonio, Ortigas Center, Pasig City 1605",14.5896874,121.0598,5.74,6.28,12.02,380,3.69,58.14
Caloocan,Monumento,"Samson Road near cor. Araneta Ave., Brgy. 77, Caloocan City",14.6573112,120.9764518,5.82,6.18,12,391,3.71,59.2
Quezon City,Cubao - P Tuazon 12th Ave.,"210 P. Tuazon corner 12th Avenue, Barangay Socorro, Cubao, Quezon City 1109",14.618488,121.0569,5.79,5.98,11.77,343,3.72,65.97
Manila,Old Sta. Mesa,"4331 Old Sta Mesa Street, Barangay 587 Zone 58, Sta. Mesa, Manila 1016",14.6012821,121.0129,5.98,6.22,12.19,339,3.65,65
Paranaque,Sucat Road BF Homes,"MAR AN BUILDING. No. 9 President's Avenue, BF Homes Subd, Paranaque City, Metro Manila, NCR 1700",14.457949,121.0313,5.48,5.58,11.06,391,3.75,61.73
Makati City,Ayala 6750,"G/F Ayala Office Tower, 6750 Ayala Avenue, Makati City",14.5531111,121.0256,5.7,6.12,11.82,344,3.75,66.58
Makati City,Dian,"56 Sen. Gil Puyat Ave., Brgy. San Isidro, Makati City 1234",14.5561105,121.0045,6.04,6.59,12.63,359,3.65,60.74
Malabon,Malabon Panghulo,"167 M.H. Del Pilar St., Santulan, Brgy. Panghulo, Malabon City",14.6873214,120.9571,5.73,6.1,11.83,346,3.72,59.77
Makati City,Bel Air Paseo,"54 Jupiter St, Belair Village, Brgy. Bel-Air, Makati City 1209",14.560936,121.0307,5.48,5.53,11.01,381,3.77,63.23
Quezon City,Ali Mall Cubao,"Space 2022 Level 2 Ali Mall Banking Center, Brgy. Socorro Cubao, Quezon City 1109",14.6195569,121.0568,5.58,5.74,11.32,342,3.75,64.93
Quezon City,Quezon Ave. EDSA,G/F Triumph Square Building 1618 Quezon Ave South Triangle Quezon City 1103,14.6422266,121.0351,5.77,6.36,12.12,361,3.7,64.6
Quezon City,West Ave. - Del Monte,"39 West Avenue, Brgy. Nayong Kanluran, Quezon City",14.6418911,121.0266,5.75,6.29,12.04,421,3.72,59.59
Taguig,W5Th Avenue BGC,"GF W Fifth Avenue Bldg., 5th Avenue, Bonifacio Global City, Brgy. Fort Bonifacio, Taguig 1634",14.5532885,121.0488,5.9,6.06,11.96,303,3.71,65.09
Quezon City,Retiro Kanlaon,"NS Amoranto Sr. Avenue cor. Kanlaon Street, Quezon City",14.6303181,120.9965,,,,,,
Quezon City,Retiro Mayon,"NS Amoranto Cor. Mayon St., Brgy. NS Amoranto, La Loma, Quezon City 1114",14.6326976,120.9944,,,,,,
Quezon City,Robinson's Nova Market,"Robinsons Place Novaliches Level 1 Main Mall, Quirino Highway, Barangay Pasong Putik, Novaliches, Quezon City 1118",14.7989985,121.0688,,,,,,
Quezon City,Roces,"2 Alejandro Roces Ave. Cor Quezon Ave, Barangay Paligsahan, Quezon City 1103",14.63193,121.0212,,,,,,
Quezon City,Roosevelt,"Ground Floor Bayantel Roosevelt Operation Center - 234 Roosevelt Avenue, SFDM, Brgy Del Monte, Quezon City 1105",14.646326,121.0177,,,,,,
Quezon City,Roosevelt - Munoz,"316 Roosevelt Ave, SFDM, Barangay San Antonio, Quezon City 1105",14.6451092,121.0171,,,,,,
Quezon City,San Francisco Del Monte,"Araneta Avenue near corner Del Monte Avenue, Brgy Sienna, Quezon city",14.639082,121.0066,,,,,,
Quezon City,Scout Limbaga-Tobias,"GF Scout Center. Scout Tobias Street corner Scout Limbaga Street, Brgy. Laging Handa, Quezon City",14.634114,121.0307,,,,,,
Quezon City,St. Ignatius - Katipunan,"Linear Bldg., 142 Katipunan Ave., St. Ignatius Village, Brgy. St. Ignatius, Quezon City",14.614192,121.0705,,,,,,
Quezon City,St. Luke's,"St. Luke's Medical Center, 279 E. Rodriguez Sr. Ave, Brgy Kalusugan, Quezon City 1112",14.6217245,121.024,,,,,,
Quezon City,T Sora - Visayas Avenue,"243 Tandang Sora Avenue, Tandang Sora. Quezon City",14.6770882,121.0415,,,,,,
Quezon City,Tandang Sora,"397 Tandang Sora Avenue, Barangay Culiat, Quezon City",14.6698484,121.0532,,,,,,
Quezon City,Timog Avenue,"34 Timog Avenue, Barangay Laging Handa, Quezon City 1103",14.635281,121.032,,,,,,
Quezon City,Timog Circle,"Timog Commercial Center, Timog Ave cor. Panay Avenue, Brgy South Triangle, Quezon City 1103",14.6334939,121.0407,,,,,,
Quezon City,Timog EDSA,"114 Timog Avenue, Ibon Building, Brgy Sacred Heart, Quezon City 1103",14.6332736,121.0414,,,,,,
Quezon City,Trinoma,"Space P1012E Level P1 Trinoma North Triangle, North Ave., corner EDSA, Brgy. Bagong Pag-asa, Quezon City 1105",14.6532747,121.0338,,,,,,
Quezon City,Trinoma North,"Unit 1085-1086 Level M1, Trinoma, North Triangle, Brgy. Bagong Pag-asa Quezon City",14.6551623,121.0309,,,,,,
Quezon City,U.P. Techno Hub,"U.P. North Retail Science and Technology Center, Commonwealth Avenue, Barangay UP Campus, Diliman, Quezon City 1101",14.6572698,121.0557,,,,,,
Quezon City,Up Town Center,"Unit C145A L1 Phase 2 UP Town Center, Katipunan Avenue, Brgy. UP Campus, Quezon City 1101",14.6473556,121.0741,,,,,,
Quezon City,Visayas Avenue,"46 Visayas Avenue, Brgy Vasra, Project 6, Quezon City 1100",14.6608956,121.0449,,,,,,
Quezon City,Waltermart North EDSA,"G/F WMEDG 03, Waltermart North EDSA, MuÃ±oz Brgy. Veterans, Quezon City 1105",14.6537082,121.0242,,,,,,
Quezon City,West Ave. - Del Monte,"39 West Avenue, Brgy. Nayong Kanluran, Quezon City",14.6418911,121.0266,,,,,,
Quezon City,Xavierville,"74 Xavierville Avenue, Brgy. Loyola Heights, Quezon City 1108",14.6347764,121.0703,,,,,,
Quezon City,Aurora Boulevard,"719 Aurora Blvd, Brgy. Mariana, Quezon City 1112",,,,,,,,
Quezon City,Congressional Avenue,"G/F The Arete Square, Congressional Avenue, Brgy Bahay Toro Proj. 8 Quezon City 1106",,,,,,,,
Quezon City,Cubao - F Castillo,Cubao - P Tuazon 12th Ave.,,,,,,,,
Quezon City,Cubao Aurora,"St. Anthony Bldg, Stella Maris Arcade, Aurora Blvd cor Cambridge, Brgy E. Rodriguez Cubao, Quezon City 1102",,,,,,,,
Quezon City,E. Rodriguez B.G. Belmonte,"1466 & 1468 E. Rodriguez Sr. Avenue corner Betty Go-Belmonte Street, Brgy. Immaculate Conception, Quezon City 1111",,,,,,,,
Quezon City,E.Rodriguez Bagumbayan,"Unit G3 Ground Floor MDC100 Bldg, E. Rodriguez Jr. Avenue, Brgy. Bagumbayan, Quezon City",,,,,,,,
Quezon City,Eastwood City,"Ground Floor, Techno Plaza One Building, 18 Orchard Road, Eastwood City, Bagumbayan, Quezon City",,,,,,,,
Quezon City,Fairview Terraces,"Ground Floor Fairview Terraces Ayala Mall, Quirino Highway cor. Maligaya Drive, Brgy. Pasong Putik, Novaliches, Quezon City 1118",,,,,,,,
Quezon City,Loyola Katipunan,"Katipunan Road cor Escaler St., Brgy Loyola Heights, Quezon City 1108",,,,,,,,
Quezon City,Quezon Ave - Delta,"385 Quezon Avenue, Brgy. West Triangle, Quezon City 1104",,,,,,,,
Quezon City,Retiro Kanlaon,"NS Amoranto Sr. Avenue cor. Kanlaon Street, Quezon City",,,,,,,,
Quezon City,Retiro Mayon,"NS Amoranto Cor. Mayon St., Brgy. NS Amoranto, La Loma, Quezon City 1114",,,,,,,,
Quezon City,St. Luke's,"St. Luke's Medical Center, 279 E. Rodriguez Sr. Ave, Brgy Kalusugan, Quezon City 1112",,,,,,,,
Quezon City,Timog Circle,"Timog Commercial Center, Timog Ave cor. Panay Avenue, Brgy South Triangle, Quezon City 1103",,,,,,,,
Quezon City,Visayas Avenue,"46 Visayas Avenue, Brgy Vasra, Project 6, Quezon City 1100",,,,,,,,
Quezon City,SM North EDSA,"SM City North EDSA Branch, SM Main Bldg., Brgy. Bagong Pagasa, Quezon City 1105",14.6593553,121.0328,,,,,,
Taguig,Globe BGC,"19/F THE GLOBE TOWER, 32nd St. corner 7th Avenue, Bonifacio Global City, Brgy. Fort Bonifacio, Taguig City",14.5532937,121.0501,,,,,,
Taguig,Infinity,"Unit 102 The Infinity Tower, 26th Street, Bonifacio Global City, Brgy. Fort Bonifacio, Taguig 1634",14.5472085,121.0514,,,,,,
Taguig,Market Market,"Ground Floor Market Market, Bonifacio Global City, Brgy. Fort Bonifacio, Taguig City",14.5502545,121.0561,,,,,,
Taguig,One Global Place,"Unit 102 G/F, One Global Place, 5th Avenue cor 25th Street, Bonifacio Global City, Brgy. Fort Bonifacio, Taguig City 1634",14.5483648,121.047,,,,,,
Taguig,PSE The Fort,"Units 511 & 512, 5th Floor Philippine Stock Exchange, One Bonifacio High Street, 28th Street corner 5th Avenue, Bonifacio Global City, Fort Bonifacio, Taguig City",14.5511952,121.0473,,,,,,
Taguig,W5Th Avenue BGC,"GF W Fifth Avenue Bldg., 5th Avenue, Bonifacio Global City, Brgy. Fort Bonifacio, Taguig 1634",14.5532885,121.0488,,,,,,
Taguig,Diego Silang - Petron C5,"G/F Petron C5 Rd. Diego Silang Complex, Brgy. Ususan Taguig City 1634",14.5220342,121.036,,,,,,
Taguig,FTI Taguig,"Old FTI Admin Bldg, Lot 55 FTI Avenue , FTI Complex, East Service Road, Brgy. Western Bicutan, Taguig City",14.5062836,121.0357,,,,,,
Taguig,Fort Bonifacio Bayani Road,"Ground Floor Col Efren R Zaide (PAFCPIC) Bldg. No. 11, Bayani Road, Brgy. Western Bicutan, Taguig City",14.5297997,121.0412,,,,,,
Taguig,Fort Mckinley Hill,"Units K and L, G/F One World Square Bldg., McKinley Hills, Upper McKinley Road, McKinley Town Center, Brgy. Fort Bonifacio, Taguig",14.5349911,121.048,,,,,,
Taguig,Fort Serendra,"G/F Serendra Retail Area, Bonifacio Global, Taguig City 1634",14.5495296,121.0542,,,,,,
Valenzuela,Marulas,"KM 11, Mac Arthur Highway, Brgy. Marulas, Valenzuela City 1440",14.674833,120.9816,,,,,,
Valenzuela,Paso De Blas,ESA Bldg. 491 Paso de Blas Road Valenzuela City,14.7052091,120.9888,,,,,,
Valenzuela,Valenzuela,"McArthur Highway cor. Daez St., Brgy. Karuhatan, Valenzuela City 1440",14.688959,120.9745,,,,,,
Valenzuela,Valenzuela Dalandanan,"54 McArthur Highway, Brgy. Dalandanan, Valenzuela City",14.6995625,120.9628,,,,,,
Valenzuela,Valenzuela Malinta,"315 Mc Arthur Highway, Brgy. Malinta, Valenzuela City 1440",14.6931784,120.9675,,,,,,